video_name,tag
02091.mp4,almost
02092.mp4,almost
02095.mp4,almost
02093.mp4,almost
02108.mp4,alone
02109.mp4,alone
02103.mp4,alone
02106.mp4,alone
02159.mp4,already
02168.mp4,already
02162.mp4,already
02163.mp4,already
02181.mp4,also
02177.mp4,also
02178.mp4,also
69207.mp4,also
65064.mp4,america
02351.mp4,america
02350.mp4,america
02356.mp4,america
65066.mp4,analyze
02483.mp4,analyze
02480.mp4,analyze
02476.mp4,analyze
02542.mp4,angel
02540.mp4,angel
02541.mp4,angel
02548.mp4,angel
02563.mp4,angle
02560.mp4,angle
02561.mp4,angle
02559.mp4,angle
02568.mp4,angry
02565.mp4,angry
02566.mp4,angry
02567.mp4,angry
02586.mp4,animal
02584.mp4,animal
02583.mp4,animal
02589.mp4,animal
02610.mp4,anniversary
02616.mp4,anniversary
02614.mp4,anniversary
02611.mp4,anniversary
02619.mp4,announce
65074.mp4,announce
02622.mp4,announce
02620.mp4,announce
02711.mp4,answer
65076.mp4,answer
02713.mp4,answer
02712.mp4,answer
02872.mp4,apartment
02873.mp4,apartment
02877.mp4,apartment
02874.mp4,apartment
65082.mp4,apostrophe
02912.mp4,apostrophe
02915.mp4,apostrophe
02913.mp4,apostrophe
02951.mp4,appear
65083.mp4,appear
02954.mp4,appear
02956.mp4,appear
65084.mp4,apple
65085.mp4,apple
65086.mp4,apple
69213.mp4,apple
03059.mp4,appointment
03057.mp4,appointment
03056.mp4,appointment
03055.mp4,appointment
65088.mp4,approach
03093.mp4,approach
03092.mp4,approach
03090.mp4,approach
03108.mp4,appropriate
03105.mp4,appropriate
03103.mp4,appropriate
03102.mp4,appropriate
03131.mp4,approve
03118.mp4,approve
03119.mp4,approve
03122.mp4,approve
03237.mp4,area
03235.mp4,area
03234.mp4,area
03238.mp4,area
03268.mp4,argue
03277.mp4,argue
03274.mp4,argue
03273.mp4,argue
03342.mp4,arm
03344.mp4,arm
03337.mp4,arm
03338.mp4,arm
03437.mp4,arrive
03441.mp4,arrive
65096.mp4,arrive
03439.mp4,arrive
03448.mp4,arrogant
03449.mp4,arrogant
03451.mp4,arrogant
03450.mp4,arrogant
03480.mp4,art
03484.mp4,art
03486.mp4,art
03479.mp4,art
03519.mp4,artist
03522.mp4,artist
03516.mp4,artist
03515.mp4,artist
03571.mp4,asia
03562.mp4,asia
03565.mp4,asia
03564.mp4,asia
03605.mp4,ask
03597.mp4,ask
03595.mp4,ask
03598.mp4,ask
03765.mp4,assist
03766.mp4,assist
03771.mp4,assist
03768.mp4,assist
04013.mp4,attention
04017.mp4,attention
04012.mp4,attention
04015.mp4,attention
04045.mp4,attitude
04044.mp4,attitude
04041.mp4,attitude
04040.mp4,attitude
04072.mp4,attract
04063.mp4,attract
04062.mp4,attract
04064.mp4,attract
04115.mp4,audience
04119.mp4,audience
04118.mp4,audience
04120.mp4,audience
04159.mp4,august
04164.mp4,august
04163.mp4,august
04157.mp4,august
04176.mp4,aunt
04171.mp4,aunt
04170.mp4,aunt
04168.mp4,aunt
04193.mp4,australia
04190.mp4,australia
65111.mp4,australia
04188.mp4,australia
04294.mp4,autumn
04290.mp4,autumn
04291.mp4,autumn
04292.mp4,autumn
04347.mp4,avoid
04344.mp4,avoid
04343.mp4,avoid
04352.mp4,avoid
04388.mp4,away
04389.mp4,away
04397.mp4,away
69216.mp4,away
04427.mp4,awful
04426.mp4,awful
04425.mp4,awful
65118.mp4,awful
04440.mp4,awkward
04437.mp4,awkward
04438.mp4,awkward
04439.mp4,awkward
04505.mp4,baby
04506.mp4,baby
04508.mp4,baby
65119.mp4,baby
04604.mp4,back
04601.mp4,back
69218.mp4,back
04592.mp4,back
04618.mp4,backpack
04619.mp4,backpack
04616.mp4,backpack
04617.mp4,backpack
04687.mp4,bacon
04682.mp4,bacon
04681.mp4,bacon
04680.mp4,bacon
04708.mp4,bad
04709.mp4,bad
04723.mp4,bad
04715.mp4,bad
04768.mp4,bake
04769.mp4,bake
04775.mp4,bake
04772.mp4,bake
04801.mp4,balance
04803.mp4,balance
04802.mp4,balance
04806.mp4,balance
04826.mp4,bald
04824.mp4,bald
04823.mp4,bald
04821.mp4,bald
04849.mp4,ball
04864.mp4,ball
04858.mp4,ball
04854.mp4,ball
04868.mp4,balloon
04867.mp4,balloon
65133.mp4,balloon
04875.mp4,balloon
65134.mp4,banana
65135.mp4,banana
04900.mp4,banana
04906.mp4,banana
05018.mp4,baptize
05020.mp4,baptize
05025.mp4,baptize
05017.mp4,baptize
05103.mp4,bar
05086.mp4,bar
05087.mp4,bar
05102.mp4,bar
05064.mp4,barely
05065.mp4,barely
05066.mp4,barely
05062.mp4,barely
05107.mp4,bark
05114.mp4,bark
05110.mp4,bark
05113.mp4,bark
05172.mp4,baseball
05175.mp4,baseball
05178.mp4,baseball
65141.mp4,baseball
05229.mp4,basketball
05238.mp4,basketball
65145.mp4,basketball
05239.mp4,basketball
05280.mp4,bath
05285.mp4,bath
05275.mp4,bath
05277.mp4,bath
05310.mp4,bathroom
05298.mp4,bathroom
05297.mp4,bathroom
05300.mp4,bathroom
69226.mp4,bear
65155.mp4,bear
05498.mp4,bear
05489.mp4,bear
05476.mp4,beard
05473.mp4,beard
05472.mp4,beard
05471.mp4,beard
05556.mp4,beautiful
05557.mp4,beautiful
05558.mp4,beautiful
05559.mp4,beautiful
05596.mp4,because
05598.mp4,because
05599.mp4,because
05606.mp4,because
05619.mp4,become
05617.mp4,become
05616.mp4,become
05622.mp4,become
05638.mp4,bed
05634.mp4,bed
05637.mp4,bed
05636.mp4,bed
05656.mp4,bedroom
05652.mp4,bedroom
05653.mp4,bedroom
05661.mp4,bedroom
05688.mp4,bee
05685.mp4,bee
05680.mp4,bee
05681.mp4,bee
05705.mp4,beer
05707.mp4,beer
05706.mp4,beer
05712.mp4,beer
05734.mp4,before
05730.mp4,before
05731.mp4,before
05732.mp4,before
05782.mp4,beginning
05779.mp4,beginning
05784.mp4,beginning
05781.mp4,beginning
05798.mp4,behavior
05792.mp4,behavior
05793.mp4,behavior
05796.mp4,behavior
05808.mp4,behind
05803.mp4,behind
05804.mp4,behind
05816.mp4,behind
05846.mp4,belief
05847.mp4,belief
05844.mp4,belief
05848.mp4,belief
65170.mp4,believe
65171.mp4,believe
05854.mp4,believe
05856.mp4,believe
05877.mp4,bell
05875.mp4,bell
05874.mp4,bell
05881.mp4,bell
05915.mp4,below
05911.mp4,below
05912.mp4,below
05913.mp4,below
05931.mp4,belt
05923.mp4,belt
05925.mp4,belt
05924.mp4,belt
05960.mp4,benefit
05962.mp4,benefit
05965.mp4,benefit
05964.mp4,benefit
06029.mp4,best
06021.mp4,best
06023.mp4,best
06022.mp4,best
06052.mp4,bet
69230.mp4,bet
06047.mp4,bet
06046.mp4,bet
06075.mp4,better
65179.mp4,better
06067.mp4,better
06066.mp4,better
06160.mp4,bicycle
06163.mp4,bicycle
06165.mp4,bicycle
06161.mp4,bicycle
06202.mp4,big
06193.mp4,big
06192.mp4,big
06199.mp4,big
06317.mp4,biology
06315.mp4,biology
06314.mp4,biology
06313.mp4,biology
06334.mp4,bird
06337.mp4,bird
06331.mp4,bird
06330.mp4,bird
06372.mp4,birth
06375.mp4,birth
65190.mp4,birth
06379.mp4,birth
06409.mp4,bite
65199.mp4,bite
06410.mp4,bite
06411.mp4,bite
06429.mp4,bitter
06428.mp4,bitter
06436.mp4,bitter
06439.mp4,bitter
65200.mp4,black
06477.mp4,black
06474.mp4,black
06486.mp4,black
65202.mp4,blame
06528.mp4,blame
06529.mp4,blame
06536.mp4,blame
06563.mp4,blanket
06555.mp4,blanket
06554.mp4,blanket
06551.mp4,blanket
65206.mp4,bless
06629.mp4,bless
06628.mp4,bless
06626.mp4,bless
65209.mp4,blind
06649.mp4,blind
06658.mp4,blind
06655.mp4,blind
65216.mp4,blue
06832.mp4,blue
06833.mp4,blue
06834.mp4,blue
06933.mp4,boat
06932.mp4,boat
06931.mp4,boat
06937.mp4,boat
69240.mp4,body
65222.mp4,body
06954.mp4,body
06951.mp4,body
07198.mp4,bored
07191.mp4,bored
07196.mp4,bored
07197.mp4,bored
07234.mp4,borrow
07230.mp4,borrow
65230.mp4,borrow
07231.mp4,borrow
07237.mp4,boss
65231.mp4,boss
07247.mp4,boss
07245.mp4,boss
69242.mp4,both
07272.mp4,both
07271.mp4,both
07274.mp4,both
65234.mp4,bother
07269.mp4,bother
07264.mp4,bother
07265.mp4,bother
69243.mp4,bottle
07290.mp4,bottle
07292.mp4,bottle
07286.mp4,bottle
07297.mp4,bottom
07299.mp4,bottom
07298.mp4,bottom
07303.mp4,bottom
07373.mp4,bowl
07371.mp4,bowl
07375.mp4,bowl
07382.mp4,bowl
07394.mp4,bowling
07397.mp4,bowling
07390.mp4,bowling
07391.mp4,bowling
07417.mp4,box
69244.mp4,box
07418.mp4,box
07424.mp4,box
69245.mp4,boy
07455.mp4,boy
07453.mp4,boy
07452.mp4,boy
07440.mp4,boyfriend
07441.mp4,boyfriend
07443.mp4,boyfriend
07445.mp4,boyfriend
07479.mp4,bracelet
07473.mp4,bracelet
07475.mp4,bracelet
65247.mp4,bracelet
07575.mp4,brave
07578.mp4,brave
65251.mp4,brave
07580.mp4,brave
07597.mp4,bread
07595.mp4,bread
07598.mp4,bread
07596.mp4,bread
65252.mp4,break
07642.mp4,break
07634.mp4,break
07632.mp4,break
07678.mp4,breathe
07677.mp4,breathe
07676.mp4,breathe
07682.mp4,breathe
07787.mp4,bright
07781.mp4,bright
07780.mp4,bright
07779.mp4,bright
65260.mp4,bring
07815.mp4,bring
07810.mp4,bring
07806.mp4,bring
65262.mp4,brother
07940.mp4,brother
07943.mp4,brother
07932.mp4,brother
65263.mp4,brown
07973.mp4,brown
07963.mp4,brown
07962.mp4,brown
65268.mp4,build
08119.mp4,build
08127.mp4,build
08123.mp4,build
08135.mp4,building
08130.mp4,building
08132.mp4,building
08131.mp4,building
08166.mp4,bull
08174.mp4,bull
08170.mp4,bull
08167.mp4,bull
08179.mp4,bully
08182.mp4,bully
08185.mp4,bully
08183.mp4,bully
08373.mp4,business
08372.mp4,business
08370.mp4,business
65275.mp4,business
08411.mp4,busy
08417.mp4,busy
65277.mp4,busy
08412.mp4,busy
08448.mp4,butter
08452.mp4,butter
08450.mp4,butter
08455.mp4,butter
65282.mp4,buy
08492.mp4,buy
08483.mp4,buy
08482.mp4,buy
08545.mp4,cabinet
08543.mp4,cabinet
08544.mp4,cabinet
08546.mp4,cabinet
08588.mp4,cafeteria
08587.mp4,cafeteria
65284.mp4,cafeteria
08595.mp4,cafeteria
08621.mp4,cake
08613.mp4,cake
08618.mp4,cake
08612.mp4,cake
08626.mp4,calculate
08624.mp4,calculate
08627.mp4,calculate
08628.mp4,calculate
65289.mp4,california
08680.mp4,california
08672.mp4,california
08670.mp4,california
08689.mp4,call
08702.mp4,call
08707.mp4,call
65556.mp4,call
08755.mp4,calm
08746.mp4,calm
08748.mp4,calm
08749.mp4,calm
08820.mp4,camp
08823.mp4,camp
08817.mp4,camp
08818.mp4,camp
08942.mp4,can
08944.mp4,can
65294.mp4,can
08935.mp4,can
08849.mp4,canada
08841.mp4,canada
08843.mp4,canada
08842.mp4,canada
08866.mp4,cancel
08865.mp4,cancel
08863.mp4,cancel
08862.mp4,cancel
08905.mp4,candle
08900.mp4,candle
08902.mp4,candle
65297.mp4,candle
08924.mp4,candy
08920.mp4,candy
08921.mp4,candy
08929.mp4,candy
09087.mp4,caption
09095.mp4,caption
09091.mp4,caption
09092.mp4,caption
09238.mp4,car
09237.mp4,car
09235.mp4,car
09234.mp4,car
09127.mp4,card
09126.mp4,card
09130.mp4,card
09131.mp4,card
09199.mp4,care
09200.mp4,care
09209.mp4,care
09198.mp4,care
09186.mp4,careful
09185.mp4,careful
09182.mp4,careful
09181.mp4,careful
09311.mp4,carrot
09310.mp4,carrot
69259.mp4,carrot
09307.mp4,carrot
09319.mp4,carry
69260.mp4,carry
09326.mp4,carry
09320.mp4,carry
09538.mp4,cat
09532.mp4,cat
09533.mp4,cat
65312.mp4,cat
69262.mp4,catch
09473.mp4,catch
09458.mp4,catch
09459.mp4,catch
09495.mp4,category
09490.mp4,category
09493.mp4,category
09488.mp4,category
09519.mp4,catholic
09521.mp4,catholic
65316.mp4,catholic
09518.mp4,catholic
09580.mp4,cause
09572.mp4,cause
09573.mp4,cause
09574.mp4,cause
09631.mp4,ceiling
09628.mp4,ceiling
09626.mp4,ceiling
09627.mp4,ceiling
09640.mp4,celebrate
09637.mp4,celebrate
09636.mp4,celebrate
09633.mp4,celebrate
09716.mp4,cemetery
09715.mp4,cemetery
09717.mp4,cemetery
09713.mp4,cemetery
09740.mp4,cent
09742.mp4,cent
09735.mp4,cent
09736.mp4,cent
09726.mp4,center
09725.mp4,center
09723.mp4,center
09722.mp4,center
09781.mp4,cereal
09786.mp4,cereal
09775.mp4,cereal
09776.mp4,cereal
09808.mp4,certificate
09806.mp4,certificate
09807.mp4,certificate
65326.mp4,certificate
09842.mp4,chain
09840.mp4,chain
09836.mp4,chain
09838.mp4,chain
09848.mp4,chair
09849.mp4,chair
09869.mp4,chair
65328.mp4,chair
09900.mp4,challenge
09894.mp4,challenge
09893.mp4,challenge
09892.mp4,challenge
09918.mp4,champion
09919.mp4,champion
65330.mp4,champion
09916.mp4,champion
09970.mp4,change
09954.mp4,change
09955.mp4,change
09956.mp4,change
65334.mp4,character
10023.mp4,character
10021.mp4,character
10019.mp4,character
10089.mp4,chase
65337.mp4,chase
10090.mp4,chase
10096.mp4,chase
10109.mp4,chat
10105.mp4,chat
10104.mp4,chat
10107.mp4,chat
10144.mp4,cheap
10141.mp4,cheap
10137.mp4,cheap
10135.mp4,cheap
10149.mp4,cheat
10147.mp4,cheat
10166.mp4,cheat
10148.mp4,cheat
10185.mp4,check
10184.mp4,check
10187.mp4,check
10183.mp4,check
10266.mp4,cheese
10267.mp4,cheese
10269.mp4,cheese
65345.mp4,cheese
10308.mp4,chemistry
10310.mp4,chemistry
10311.mp4,chemistry
10315.mp4,chemistry
10397.mp4,chicken
10405.mp4,chicken
10400.mp4,chicken
65349.mp4,chicken
10453.mp4,child
10450.mp4,child
10443.mp4,child
10449.mp4,child
10474.mp4,children
65352.mp4,children
10466.mp4,children
10467.mp4,children
10579.mp4,chocolate
65354.mp4,chocolate
10581.mp4,chocolate
10580.mp4,chocolate
10589.mp4,choice
10590.mp4,choice
10596.mp4,choice
10598.mp4,choice
10605.mp4,choir
10599.mp4,choir
10601.mp4,choir
10602.mp4,choir
10625.mp4,choose
10635.mp4,choose
10637.mp4,choose
10636.mp4,choose
10656.mp4,chop
65355.mp4,chop
10645.mp4,chop
10652.mp4,chop
10688.mp4,christian
10689.mp4,christian
10686.mp4,christian
10687.mp4,christian
10709.mp4,christmas
10703.mp4,christmas
10705.mp4,christmas
10704.mp4,christmas
65363.mp4,city
10898.mp4,city
10893.mp4,city
10892.mp4,city
10970.mp4,class
10972.mp4,class
10973.mp4,class
10976.mp4,class
11009.mp4,classroom
11008.mp4,classroom
11015.mp4,classroom
11011.mp4,classroom
11042.mp4,clean
11036.mp4,clean
11037.mp4,clean
11034.mp4,clean
11061.mp4,clear
11062.mp4,clear
11064.mp4,clear
11067.mp4,clear
11089.mp4,clever
11088.mp4,clever
11093.mp4,clever
11094.mp4,clever
11200.mp4,clock
11203.mp4,clock
11199.mp4,clock
11198.mp4,clock
11268.mp4,close
11261.mp4,close
11260.mp4,close
11267.mp4,close
11365.mp4,cloud
11362.mp4,cloud
11360.mp4,cloud
11361.mp4,cloud
11438.mp4,coach
11439.mp4,coach
11436.mp4,coach
11437.mp4,coach
11476.mp4,coat
11470.mp4,coat
69271.mp4,coat
11473.mp4,coat
11498.mp4,cochlear
11499.mp4,cochlear
65373.mp4,cochlear
11500.mp4,cochlear
65374.mp4,coconut
11534.mp4,coconut
11527.mp4,coconut
11528.mp4,coconut
11560.mp4,coffee
11561.mp4,coffee
11563.mp4,coffee
11566.mp4,coffee
11623.mp4,cold
11622.mp4,cold
11621.mp4,cold
11627.mp4,cold
65379.mp4,college
11708.mp4,college
11709.mp4,college
11713.mp4,college
11768.mp4,color
11769.mp4,color
11767.mp4,color
11780.mp4,color
11819.mp4,comb
11824.mp4,comb
11828.mp4,comb
11821.mp4,comb
11878.mp4,come
11866.mp4,come
11865.mp4,come
11867.mp4,come
11911.mp4,comfortable
11906.mp4,comfortable
11904.mp4,comfortable
11903.mp4,comfortable
11944.mp4,command
11952.mp4,command
11948.mp4,command
11942.mp4,command
12014.mp4,common
12013.mp4,common
12016.mp4,common
12020.mp4,common
12062.mp4,community
12064.mp4,community
12063.mp4,community
12060.mp4,community
12079.mp4,commute
12076.mp4,commute
12072.mp4,commute
12074.mp4,commute
12122.mp4,compare
12113.mp4,compare
12114.mp4,compare
12115.mp4,compare
12190.mp4,complain
12198.mp4,complain
12192.mp4,complain
12193.mp4,complain
12223.mp4,complex
12228.mp4,complex
12225.mp4,complex
12231.mp4,complex
12300.mp4,compromise
12293.mp4,compromise
12292.mp4,compromise
12291.mp4,compromise
12316.mp4,computer
12317.mp4,computer
12314.mp4,computer
12315.mp4,computer
12584.mp4,conflict
12586.mp4,conflict
12588.mp4,conflict
12590.mp4,conflict
12609.mp4,confront
12602.mp4,confront
12604.mp4,confront
12605.mp4,confront
12619.mp4,confused
12614.mp4,confused
12613.mp4,confused
12612.mp4,confused
12652.mp4,congress
12651.mp4,congress
12656.mp4,congress
12654.mp4,congress
12812.mp4,constitution
12810.mp4,constitution
12814.mp4,constitution
12815.mp4,constitution
12877.mp4,contact
12874.mp4,contact
12873.mp4,contact
12872.mp4,contact
12977.mp4,continue
12970.mp4,continue
12971.mp4,continue
12969.mp4,continue
13023.mp4,contribute
13020.mp4,contribute
13026.mp4,contribute
13024.mp4,contribute
13043.mp4,control
13049.mp4,control
13046.mp4,control
13042.mp4,control
13134.mp4,convince
13137.mp4,convince
13136.mp4,convince
13138.mp4,convince
13160.mp4,cook
13157.mp4,cook
13156.mp4,cook
13155.mp4,cook
13179.mp4,cookie
13173.mp4,cookie
13172.mp4,cookie
13175.mp4,cookie
65403.mp4,cool
13199.mp4,cool
13213.mp4,cool
13216.mp4,cool
13246.mp4,cop
13250.mp4,cop
13251.mp4,cop
13253.mp4,cop
65405.mp4,copy
13275.mp4,copy
13273.mp4,copy
13278.mp4,copy
13323.mp4,corn
65408.mp4,corn
65409.mp4,corn
13333.mp4,corn
65410.mp4,correct
13351.mp4,correct
13350.mp4,correct
13352.mp4,correct
13424.mp4,cost
13416.mp4,cost
13417.mp4,cost
13414.mp4,cost
13458.mp4,couch
13456.mp4,couch
13457.mp4,couch
13460.mp4,couch
13532.mp4,count
13534.mp4,count
13536.mp4,count
65413.mp4,count
13546.mp4,country
13549.mp4,country
13544.mp4,country
13545.mp4,country
13647.mp4,cousin
13646.mp4,cousin
13642.mp4,cousin
13641.mp4,cousin
13656.mp4,cover
13657.mp4,cover
13659.mp4,cover
13664.mp4,cover
13695.mp4,cow
13696.mp4,cow
13697.mp4,cow
13698.mp4,cow
13737.mp4,crab
13735.mp4,crab
13734.mp4,crab
13733.mp4,crab
13751.mp4,cracker
13749.mp4,cracker
13746.mp4,cracker
13744.mp4,cracker
13799.mp4,crash
13812.mp4,crash
13813.mp4,crash
13805.mp4,crash
65422.mp4,crazy
65421.mp4,crazy
13863.mp4,crazy
13854.mp4,crazy
14057.mp4,cross
14048.mp4,cross
14049.mp4,cross
14051.mp4,cross
14188.mp4,cry
14180.mp4,cry
14183.mp4,cry
14182.mp4,cry
14313.mp4,curious
65429.mp4,curious
14314.mp4,curious
14312.mp4,curious
14368.mp4,curriculum
14367.mp4,curriculum
14366.mp4,curriculum
65431.mp4,curriculum
14385.mp4,curse
14380.mp4,curse
14376.mp4,curse
14375.mp4,curse
14479.mp4,cut
14478.mp4,cut
14477.mp4,cut
14467.mp4,cut
14457.mp4,cute
14453.mp4,cute
14452.mp4,cute
14451.mp4,cute
14569.mp4,dad
14567.mp4,dad
14565.mp4,dad
14572.mp4,dad
14577.mp4,daily
14584.mp4,daily
14580.mp4,daily
65433.mp4,daily
14624.mp4,dance
14625.mp4,dance
14627.mp4,dance
14622.mp4,dance
65440.mp4,dark
69290.mp4,dark
14676.mp4,dark
14675.mp4,dark
14755.mp4,daughter
14756.mp4,daughter
14757.mp4,daughter
14750.mp4,daughter
14803.mp4,day
14799.mp4,day
14792.mp4,day
14794.mp4,day
14882.mp4,deaf
14884.mp4,deaf
14885.mp4,deaf
14887.mp4,deaf
15043.mp4,decide
65450.mp4,decide
15038.mp4,decide
15032.mp4,decide
15103.mp4,decorate
15101.mp4,decorate
15099.mp4,decorate
15093.mp4,decorate
15139.mp4,deduct
15145.mp4,deduct
15142.mp4,deduct
15141.mp4,deduct
15157.mp4,deep
15159.mp4,deep
15158.mp4,deep
15163.mp4,deep
15176.mp4,deer
15173.mp4,deer
15172.mp4,deer
69292.mp4,deer
15214.mp4,defend
15215.mp4,defend
15217.mp4,defend
15213.mp4,defend
15302.mp4,degree
15297.mp4,degree
15294.mp4,degree
15293.mp4,degree
15326.mp4,delay
15322.mp4,delay
15323.mp4,delay
15328.mp4,delay
15369.mp4,delicious
15362.mp4,delicious
15363.mp4,delicious
15361.mp4,delicious
15430.mp4,demand
15425.mp4,demand
15424.mp4,demand
15423.mp4,demand
15479.mp4,demonstrate
15476.mp4,demonstrate
15477.mp4,demonstrate
15475.mp4,demonstrate
65460.mp4,dentist
15537.mp4,dentist
15533.mp4,dentist
15531.mp4,dentist
15547.mp4,deny
65461.mp4,deny
15551.mp4,deny
15549.mp4,deny
65465.mp4,depend
15601.mp4,depend
15603.mp4,depend
15602.mp4,depend
15650.mp4,depressed
65466.mp4,depressed
15648.mp4,depressed
15652.mp4,depressed
15709.mp4,describe
15706.mp4,describe
15707.mp4,describe
15708.mp4,describe
15732.mp4,desert
15728.mp4,desert
15723.mp4,desert
15721.mp4,desert
15775.mp4,desk
15774.mp4,desk
15776.mp4,desk
15773.mp4,desk
15810.mp4,dessert
15811.mp4,dessert
15813.mp4,dessert
15815.mp4,dessert
65471.mp4,destroy
15835.mp4,destroy
15826.mp4,destroy
15829.mp4,destroy
15941.mp4,develop
65473.mp4,develop
65472.mp4,develop
15934.mp4,develop
16082.mp4,diaper
16083.mp4,diaper
16081.mp4,diaper
16087.mp4,diaper
16100.mp4,diarrhea
16099.mp4,diarrhea
16098.mp4,diarrhea
16097.mp4,diarrhea
16134.mp4,dictionary
16127.mp4,dictionary
16126.mp4,dictionary
16131.mp4,dictionary
16198.mp4,different
16194.mp4,different
16195.mp4,different
16191.mp4,different
16233.mp4,dig
16235.mp4,dig
16238.mp4,dig
16241.mp4,dig
16323.mp4,dinner
16322.mp4,dinner
16327.mp4,dinner
16325.mp4,dinner
65483.mp4,dinosaur
16335.mp4,dinosaur
16342.mp4,dinosaur
16333.mp4,dinosaur
16355.mp4,diploma
16358.mp4,diploma
16354.mp4,diploma
16351.mp4,diploma
16398.mp4,dirt
16396.mp4,dirt
16400.mp4,dirt
16397.mp4,dirt
16406.mp4,dirty
16404.mp4,dirty
16405.mp4,dirty
65485.mp4,dirty
16428.mp4,disagree
16429.mp4,disagree
16431.mp4,disagree
16436.mp4,disagree
16443.mp4,disappear
16440.mp4,disappear
16441.mp4,disappear
16444.mp4,disappear
65488.mp4,disconnect
65489.mp4,disconnect
16525.mp4,disconnect
16526.mp4,disconnect
16561.mp4,discover
16569.mp4,discover
16564.mp4,discover
16567.mp4,discover
16587.mp4,discuss
16586.mp4,discuss
16585.mp4,discuss
16591.mp4,discuss
16642.mp4,disgust
16646.mp4,disgust
16641.mp4,disgust
16643.mp4,disgust
65494.mp4,dissolve
16804.mp4,dissolve
16811.mp4,dissolve
16808.mp4,dissolve
16891.mp4,dive
16890.mp4,dive
16893.mp4,dive
16892.mp4,dive
16936.mp4,divide
16930.mp4,divide
16925.mp4,divide
16927.mp4,divide
16972.mp4,divorce
16976.mp4,divorce
16963.mp4,divorce
16966.mp4,divorce
17019.mp4,doctor
17013.mp4,doctor
17016.mp4,doctor
17017.mp4,doctor
17036.mp4,document
17037.mp4,document
17039.mp4,document
17041.mp4,document
65507.mp4,dog
17083.mp4,dog
17085.mp4,dog
17084.mp4,dog
17128.mp4,dollar
17126.mp4,dollar
17127.mp4,dollar
17124.mp4,dollar
17325.mp4,door
17336.mp4,door
17330.mp4,door
17324.mp4,door
17354.mp4,dorm
17352.mp4,dorm
17355.mp4,dorm
17359.mp4,dorm
17379.mp4,double
17378.mp4,double
17381.mp4,double
17384.mp4,double
65524.mp4,doubt
17400.mp4,doubt
17391.mp4,doubt
17390.mp4,doubt
65526.mp4,down
17436.mp4,down
17430.mp4,down
17431.mp4,down
17607.mp4,draw
17600.mp4,draw
17596.mp4,draw
17594.mp4,draw
65532.mp4,drawer
17589.mp4,drawer
17585.mp4,drawer
17586.mp4,drawer
17627.mp4,dream
17628.mp4,dream
17633.mp4,dream
17636.mp4,dream
17654.mp4,dress
17655.mp4,dress
17657.mp4,dress
17659.mp4,dress
65540.mp4,drink
17711.mp4,drink
17710.mp4,drink
17712.mp4,drink
65542.mp4,drive
17758.mp4,drive
17773.mp4,drive
17761.mp4,drive
17828.mp4,drop
17827.mp4,drop
17824.mp4,drop
17823.mp4,drop
65548.mp4,drunk
17910.mp4,drunk
17918.mp4,drunk
17915.mp4,drunk
17931.mp4,dry
17930.mp4,dry
17933.mp4,dry
17932.mp4,dry
17951.mp4,duck
65551.mp4,duck
17955.mp4,duck
69305.mp4,duck
18028.mp4,during
18029.mp4,during
18036.mp4,during
18030.mp4,during
65589.mp4,eagle
65588.mp4,eagle
18139.mp4,eagle
18140.mp4,eagle
18161.mp4,ear
65590.mp4,ear
65591.mp4,ear
18154.mp4,ear
18167.mp4,early
18166.mp4,early
18168.mp4,early
18184.mp4,early
65594.mp4,earn
18199.mp4,earn
18196.mp4,earn
18197.mp4,earn
18219.mp4,earring
65595.mp4,earring
18220.mp4,earring
18221.mp4,earring
18241.mp4,earth
18246.mp4,earth
18242.mp4,earth
18243.mp4,earth
18294.mp4,east
18290.mp4,east
18292.mp4,east
18298.mp4,east
18279.mp4,easter
18276.mp4,easter
18273.mp4,easter
65599.mp4,easter
18311.mp4,easy
18315.mp4,easy
18306.mp4,easy
65600.mp4,easy
18329.mp4,eat
18323.mp4,eat
18325.mp4,eat
18324.mp4,eat
18420.mp4,educate
18419.mp4,educate
18417.mp4,educate
18416.mp4,educate
18495.mp4,egg
18487.mp4,egg
18488.mp4,egg
18494.mp4,egg
18526.mp4,egypt
18522.mp4,egypt
18532.mp4,egypt
65609.mp4,egypt
18569.mp4,eight
18575.mp4,eight
18570.mp4,eight
18571.mp4,eight
65614.mp4,eighteen
18557.mp4,eighteen
18555.mp4,eighteen
18552.mp4,eighteen
65618.mp4,electrician
18724.mp4,electrician
18720.mp4,electrician
18726.mp4,electrician
18779.mp4,elephant
18773.mp4,elephant
18770.mp4,elephant
18771.mp4,elephant
18897.mp4,embarrass
18899.mp4,embarrass
18898.mp4,embarrass
18900.mp4,embarrass
18986.mp4,emotion
18981.mp4,emotion
18980.mp4,emotion
18978.mp4,emotion
19089.mp4,encourage
65628.mp4,encourage
19087.mp4,encourage
19088.mp4,encourage
65630.mp4,energy
19169.mp4,energy
19166.mp4,energy
19167.mp4,energy
19203.mp4,engineer
19202.mp4,engineer
19204.mp4,engineer
19200.mp4,engineer
65634.mp4,english
19232.mp4,english
19233.mp4,english
19236.mp4,english
19261.mp4,enjoy
19260.mp4,enjoy
19264.mp4,enjoy
19269.mp4,enjoy
19326.mp4,enter
19327.mp4,enter
19335.mp4,enter
19328.mp4,enter
19409.mp4,environment
19408.mp4,environment
19407.mp4,environment
19406.mp4,environment
19560.mp4,escape
19567.mp4,escape
19558.mp4,escape
19557.mp4,escape
19622.mp4,establish
19619.mp4,establish
19616.mp4,establish
19614.mp4,establish
19695.mp4,europe
19692.mp4,europe
19685.mp4,europe
19687.mp4,europe
19704.mp4,evaluate
19707.mp4,evaluate
19705.mp4,evaluate
19706.mp4,evaluate
19765.mp4,event
19760.mp4,event
19761.mp4,event
19766.mp4,event
19845.mp4,every
19842.mp4,every
69311.mp4,every
19849.mp4,every
19971.mp4,evidence
19970.mp4,evidence
19975.mp4,evidence
19968.mp4,evidence
20009.mp4,exact
20014.mp4,exact
20010.mp4,exact
20012.mp4,exact
20030.mp4,exaggerate
20023.mp4,exaggerate
20022.mp4,exaggerate
20024.mp4,exaggerate
20074.mp4,example
20072.mp4,example
20070.mp4,example
20071.mp4,example
20143.mp4,exchange
20146.mp4,exchange
20147.mp4,exchange
20145.mp4,exchange
20334.mp4,expect
20337.mp4,expect
20336.mp4,expect
20339.mp4,expect
20370.mp4,expensive
20373.mp4,expensive
20369.mp4,expensive
20363.mp4,expensive
20379.mp4,experience
20378.mp4,experience
20386.mp4,experience
20380.mp4,experience
20408.mp4,expert
20404.mp4,expert
20403.mp4,expert
20407.mp4,expert
20436.mp4,explain
20437.mp4,explain
20435.mp4,explain
20445.mp4,explain
20633.mp4,eye
20634.mp4,eye
20636.mp4,eye
65665.mp4,eye
20711.mp4,face
20699.mp4,face
20706.mp4,face
20702.mp4,face
20737.mp4,fact
69315.mp4,fact
20746.mp4,fact
20740.mp4,fact
20768.mp4,faculty
20766.mp4,faculty
20770.mp4,faculty
20767.mp4,faculty
20795.mp4,fail
20801.mp4,fail
65672.mp4,fail
20797.mp4,fail
20861.mp4,fake
20869.mp4,fake
20862.mp4,fake
20872.mp4,fake
20922.mp4,fall
20925.mp4,fall
20923.mp4,fall
20928.mp4,fall
65677.mp4,family
69316.mp4,family
20978.mp4,family
20992.mp4,family
21009.mp4,famous
65678.mp4,famous
21015.mp4,famous
21011.mp4,famous
21030.mp4,fancy
21033.mp4,fancy
65680.mp4,fancy
21023.mp4,fancy
21075.mp4,far
21074.mp4,far
21077.mp4,far
21071.mp4,far
69317.mp4,farm
21099.mp4,farm
21101.mp4,farm
21100.mp4,farm
65690.mp4,fast
21175.mp4,fast
21172.mp4,fast
21169.mp4,fast
65692.mp4,fat
21252.mp4,fat
21237.mp4,fat
21236.mp4,fat
69318.mp4,father
21212.mp4,father
21221.mp4,father
21209.mp4,father
21282.mp4,fault
21280.mp4,fault
21273.mp4,fault
21276.mp4,fault
21408.mp4,feed
21413.mp4,feed
21412.mp4,feed
21409.mp4,feed
65695.mp4,feedback
21395.mp4,feedback
21397.mp4,feedback
21398.mp4,feedback
65696.mp4,feel
21436.mp4,feel
69319.mp4,feel
21433.mp4,feel
21694.mp4,fight
21706.mp4,fight
21695.mp4,fight
21697.mp4,fight
21833.mp4,finally
21836.mp4,finally
21829.mp4,finally
21831.mp4,finally
21852.mp4,find
21854.mp4,find
21863.mp4,find
21859.mp4,find
21874.mp4,fine
21871.mp4,fine
21870.mp4,fine
21872.mp4,fine
21941.mp4,finish
21943.mp4,finish
21945.mp4,finish
21942.mp4,finish
22094.mp4,first
22095.mp4,first
22098.mp4,first
65729.mp4,first
22130.mp4,fish
22121.mp4,fish
22116.mp4,fish
22113.mp4,fish
22247.mp4,fix
22238.mp4,fix
22239.mp4,fix
22251.mp4,fix
22413.mp4,flexible
22416.mp4,flexible
22412.mp4,flexible
22411.mp4,flexible
22457.mp4,flirt
22459.mp4,flirt
22462.mp4,flirt
22456.mp4,flirt
65746.mp4,flower
22548.mp4,flower
22558.mp4,flower
22553.mp4,flower
22611.mp4,flute
22610.mp4,flute
22612.mp4,flute
22614.mp4,flute
22636.mp4,fly
22635.mp4,fly
65748.mp4,fly
22643.mp4,fly
22721.mp4,follow
22723.mp4,follow
22715.mp4,follow
22717.mp4,follow
22743.mp4,food
69330.mp4,food
22746.mp4,food
22744.mp4,food
22818.mp4,football
22803.mp4,football
69331.mp4,football
22805.mp4,football
22913.mp4,forest
22917.mp4,forest
22914.mp4,forest
22911.mp4,forest
65760.mp4,forever
22930.mp4,forever
22929.mp4,forever
22927.mp4,forever
22953.mp4,forget
22952.mp4,forget
22955.mp4,forget
22967.mp4,forget
23055.mp4,form
23051.mp4,form
23043.mp4,form
23056.mp4,form
23200.mp4,four
65768.mp4,four
23202.mp4,four
23199.mp4,four
23275.mp4,fox
23277.mp4,fox
23276.mp4,fox
23274.mp4,fox
23338.mp4,france
23330.mp4,france
23331.mp4,france
23335.mp4,france
23451.mp4,freeze
23442.mp4,freeze
23443.mp4,freeze
23444.mp4,freeze
23475.mp4,french
23474.mp4,french
23473.mp4,french
23471.mp4,french
23574.mp4,friend
23572.mp4,friend
23570.mp4,friend
23578.mp4,friend
23580.mp4,friendly
23589.mp4,friendly
65783.mp4,friendly
23585.mp4,friendly
23634.mp4,frog
23630.mp4,frog
23632.mp4,frog
23627.mp4,frog
23642.mp4,from
23639.mp4,from
23638.mp4,from
69337.mp4,from
23670.mp4,front
65786.mp4,front
23673.mp4,front
23666.mp4,front
23709.mp4,fruit
23704.mp4,fruit
23701.mp4,fruit
23703.mp4,fruit
23771.mp4,full
23774.mp4,full
23775.mp4,full
23776.mp4,full
69338.mp4,fun
23859.mp4,fun
23857.mp4,fun
23851.mp4,fun
23808.mp4,function
23802.mp4,function
23806.mp4,function
23804.mp4,function
23844.mp4,funeral
23842.mp4,funeral
23840.mp4,funeral
23841.mp4,funeral
65798.mp4,future
65797.mp4,future
23947.mp4,future
23948.mp4,future
24029.mp4,game
24033.mp4,game
24025.mp4,game
24027.mp4,game
24120.mp4,gas
24119.mp4,gas
24121.mp4,gas
24122.mp4,gas
24253.mp4,general
24251.mp4,general
24258.mp4,general
24250.mp4,general
24331.mp4,geography
24330.mp4,geography
24332.mp4,geography
24335.mp4,geography
65806.mp4,germany
24381.mp4,germany
24379.mp4,germany
24378.mp4,germany
24447.mp4,get
24438.mp4,get
24439.mp4,get
69341.mp4,get
24519.mp4,ghost
24518.mp4,ghost
24522.mp4,ghost
24515.mp4,ghost
24581.mp4,giraffe
24589.mp4,giraffe
24584.mp4,giraffe
24582.mp4,giraffe
24614.mp4,girl
24611.mp4,girl
65817.mp4,girl
69342.mp4,girl
24680.mp4,give
24648.mp4,give
24638.mp4,give
24639.mp4,give
24741.mp4,glass
24746.mp4,glass
24734.mp4,glass
24736.mp4,glass
65822.mp4,glasses
24726.mp4,glasses
24724.mp4,glasses
24725.mp4,glasses
24946.mp4,go
24947.mp4,go
24943.mp4,go
24940.mp4,go
24881.mp4,goal
24869.mp4,goal
24868.mp4,goal
24872.mp4,goal
24889.mp4,goat
24895.mp4,goat
65830.mp4,goat
24890.mp4,goat
65832.mp4,god
24922.mp4,god
24915.mp4,god
24914.mp4,god
25013.mp4,golf
25011.mp4,golf
25017.mp4,golf
25015.mp4,golf
25066.mp4,good
25067.mp4,good
25068.mp4,good
25069.mp4,good
25191.mp4,gossip
25184.mp4,gossip
25186.mp4,gossip
25183.mp4,gossip
25250.mp4,government
25242.mp4,government
25243.mp4,government
25241.mp4,government
25321.mp4,graduate
25323.mp4,graduate
25322.mp4,graduate
25325.mp4,graduate
25380.mp4,grammar
25378.mp4,grammar
25377.mp4,grammar
25374.mp4,grammar
25406.mp4,grandfather
25407.mp4,grandfather
25408.mp4,grandfather
25409.mp4,grandfather
25431.mp4,grandmother
25430.mp4,grandmother
25432.mp4,grandmother
25436.mp4,grandmother
25488.mp4,grapes
25482.mp4,grapes
25484.mp4,grapes
25485.mp4,grapes
65852.mp4,gray
25578.mp4,gray
25576.mp4,gray
25570.mp4,gray
69352.mp4,great
25631.mp4,great
25621.mp4,great
25623.mp4,great
25651.mp4,greece
65853.mp4,greece
25648.mp4,greece
25644.mp4,greece
25695.mp4,green
65854.mp4,green
25689.mp4,green
25686.mp4,green
25826.mp4,group
25824.mp4,group
25825.mp4,group
25823.mp4,group
65863.mp4,grow
69354.mp4,grow
25876.mp4,grow
25844.mp4,grow
25920.mp4,guess
25926.mp4,guess
25922.mp4,guess
25917.mp4,guess
25948.mp4,guide
25941.mp4,guide
25942.mp4,guide
25945.mp4,guide
25967.mp4,guilty
25966.mp4,guilty
25961.mp4,guilty
25962.mp4,guilty
25984.mp4,guitar
25982.mp4,guitar
25978.mp4,guitar
25976.mp4,guitar
65868.mp4,gum
26006.mp4,gum
26004.mp4,gum
26003.mp4,gum
26162.mp4,hair
26163.mp4,hair
26166.mp4,hair
65870.mp4,hair
65874.mp4,halloween
26262.mp4,halloween
26259.mp4,halloween
26254.mp4,halloween
26298.mp4,hamburger
26295.mp4,hamburger
26296.mp4,hamburger
26303.mp4,hamburger
26499.mp4,happen
26496.mp4,happen
26497.mp4,happen
26494.mp4,happen
26526.mp4,happy
26527.mp4,happy
26524.mp4,happy
26531.mp4,happy
26586.mp4,hard
26574.mp4,hard
26573.mp4,hard
26569.mp4,hard
26741.mp4,hat
69359.mp4,hat
26719.mp4,hat
26713.mp4,hat
26768.mp4,have
26766.mp4,have
26767.mp4,have
26773.mp4,have
26810.mp4,hawaii
26800.mp4,hawaii
26807.mp4,hawaii
26806.mp4,hawaii
26852.mp4,head
26853.mp4,head
26856.mp4,head
26854.mp4,head
65881.mp4,headache
26834.mp4,headache
26836.mp4,headache
26837.mp4,headache
26917.mp4,health
26915.mp4,health
26914.mp4,health
26916.mp4,health
26956.mp4,hear
26952.mp4,hear
26951.mp4,hear
26950.mp4,hear
26959.mp4,hearing
26971.mp4,hearing
26973.mp4,hearing
26972.mp4,hearing
27042.mp4,heart
27043.mp4,heart
27046.mp4,heart
27057.mp4,heart
65887.mp4,heaven
27087.mp4,heaven
27078.mp4,heaven
27079.mp4,heaven
27102.mp4,heavy
27097.mp4,heavy
27096.mp4,heavy
27099.mp4,heavy
27151.mp4,helicopter
27159.mp4,helicopter
27157.mp4,helicopter
27152.mp4,helicopter
27187.mp4,helmet
27190.mp4,helmet
27192.mp4,helmet
27186.mp4,helmet
65889.mp4,help
27217.mp4,help
27216.mp4,help
27214.mp4,help
27279.mp4,her
27275.mp4,her
27284.mp4,her
27285.mp4,her
27322.mp4,herself
27313.mp4,herself
27316.mp4,herself
27315.mp4,herself
27376.mp4,hide
27377.mp4,hide
27379.mp4,hide
27375.mp4,hide
27441.mp4,high
27408.mp4,high
27406.mp4,high
27407.mp4,high
27452.mp4,highway
27451.mp4,highway
27450.mp4,highway
27445.mp4,highway
27579.mp4,history
27573.mp4,history
27570.mp4,history
27575.mp4,history
27666.mp4,hold
27665.mp4,hold
27662.mp4,hold
27661.mp4,hold
27767.mp4,home
27766.mp4,home
27765.mp4,home
27768.mp4,home
27829.mp4,honest
27824.mp4,honest
27826.mp4,honest
27827.mp4,honest
27883.mp4,honor
27880.mp4,honor
27876.mp4,honor
27875.mp4,honor
27921.mp4,hope
27920.mp4,hope
27923.mp4,hope
27925.mp4,hope
28038.mp4,hospital
28033.mp4,hospital
28035.mp4,hospital
28041.mp4,hospital
28109.mp4,hot
28107.mp4,hot
28108.mp4,hot
28125.mp4,hot
28143.mp4,hour
28140.mp4,hour
28145.mp4,hour
28144.mp4,hour
28161.mp4,house
28164.mp4,house
28169.mp4,house
69369.mp4,house
28205.mp4,how
28204.mp4,how
28203.mp4,how
28202.mp4,how
28309.mp4,humble
28319.mp4,humble
28312.mp4,humble
28311.mp4,humble
28385.mp4,hungry
28378.mp4,hungry
28377.mp4,hungry
28376.mp4,hungry
28425.mp4,hurry
28424.mp4,hurry
28426.mp4,hurry
28423.mp4,hurry
28463.mp4,husband
28464.mp4,husband
28466.mp4,husband
28469.mp4,husband
28590.mp4,ice
28588.mp4,ice
28582.mp4,ice
28586.mp4,ice
28655.mp4,idea
28652.mp4,idea
28650.mp4,idea
28648.mp4,idea
28743.mp4,if
69375.mp4,if
28739.mp4,if
28749.mp4,if
28876.mp4,image
28877.mp4,image
28878.mp4,image
28886.mp4,image
65926.mp4,important
69376.mp4,important
29074.mp4,important
29066.mp4,important
29089.mp4,impossible
65927.mp4,impossible
29096.mp4,impossible
29092.mp4,impossible
29136.mp4,improve
29138.mp4,improve
65929.mp4,improve
29145.mp4,improve
29720.mp4,in
69377.mp4,in
29723.mp4,in
29726.mp4,in
29383.mp4,independent
29386.mp4,independent
65932.mp4,independent
29388.mp4,independent
29566.mp4,infection
29565.mp4,infection
29564.mp4,infection
29563.mp4,infection
65939.mp4,influence
29615.mp4,influence
29616.mp4,influence
29614.mp4,influence
29655.mp4,inform
29656.mp4,inform
65940.mp4,inform
29648.mp4,inform
29641.mp4,information
29633.mp4,information
29632.mp4,information
29637.mp4,information
30055.mp4,insurance
30053.mp4,insurance
30060.mp4,insurance
30052.mp4,insurance
65950.mp4,interest
30156.mp4,interest
30154.mp4,interest
30152.mp4,interest
30175.mp4,interesting
30172.mp4,interesting
30170.mp4,interesting
30171.mp4,interesting
30239.mp4,internet
30235.mp4,internet
30234.mp4,internet
30231.mp4,internet
30257.mp4,interpreter
65954.mp4,interpreter
30258.mp4,interpreter
30262.mp4,interpreter
65958.mp4,introduce
30385.mp4,introduce
30384.mp4,introduce
30386.mp4,introduce
65959.mp4,invest
30460.mp4,invest
30451.mp4,invest
30453.mp4,invest
65961.mp4,invite
30514.mp4,invite
30516.mp4,invite
30510.mp4,invite
30561.mp4,iran
30560.mp4,iran
30563.mp4,iran
30562.mp4,iran
30675.mp4,island
30679.mp4,island
30682.mp4,island
30677.mp4,island
30833.mp4,jacket
30832.mp4,jacket
30831.mp4,jacket
30835.mp4,jacket
30875.mp4,jail
30878.mp4,jail
30876.mp4,jail
30879.mp4,jail
30936.mp4,japan
30935.mp4,japan
30941.mp4,japan
30946.mp4,japan
30979.mp4,jealous
30978.mp4,jealous
30975.mp4,jealous
30988.mp4,jealous
31049.mp4,jesus
31052.mp4,jesus
31050.mp4,jesus
31051.mp4,jesus
65979.mp4,jewish
31096.mp4,jewish
31094.mp4,jewish
31095.mp4,jewish
31152.mp4,join
31165.mp4,join
31149.mp4,join
31158.mp4,join
31186.mp4,joke
31181.mp4,joke
31182.mp4,joke
31183.mp4,joke
31324.mp4,jump
31315.mp4,jump
31316.mp4,jump
65983.mp4,jump
31491.mp4,keep
31496.mp4,keep
31485.mp4,keep
31486.mp4,keep
31572.mp4,key
31564.mp4,key
31566.mp4,key
31565.mp4,key
31557.mp4,keyboard
31556.mp4,keyboard
31555.mp4,keyboard
31554.mp4,keyboard
65992.mp4,kill
31651.mp4,kill
31652.mp4,kill
31655.mp4,kill
31740.mp4,king
65994.mp4,king
31735.mp4,king
31731.mp4,king
31767.mp4,kiss
31755.mp4,kiss
31756.mp4,kiss
31751.mp4,kiss
31778.mp4,kitchen
31773.mp4,kitchen
31775.mp4,kitchen
31774.mp4,kitchen
31856.mp4,knife
31848.mp4,knife
31843.mp4,knife
31842.mp4,knife
31909.mp4,know
31901.mp4,know
31903.mp4,know
31898.mp4,know
32115.mp4,land
32118.mp4,land
32117.mp4,land
32113.mp4,land
66008.mp4,language
66007.mp4,language
32163.mp4,language
32160.mp4,language
32214.mp4,large
32209.mp4,large
32207.mp4,large
32204.mp4,large
32284.mp4,last
32282.mp4,last
32248.mp4,last
32249.mp4,last
32311.mp4,late
32312.mp4,late
32306.mp4,late
32304.mp4,late
32338.mp4,later
32333.mp4,later
32337.mp4,later
32324.mp4,later
32377.mp4,laugh
32398.mp4,laugh
66016.mp4,laugh
32388.mp4,laugh
32447.mp4,law
32448.mp4,law
32458.mp4,law
32452.mp4,law
32478.mp4,lawyer
32481.mp4,lawyer
32475.mp4,lawyer
32474.mp4,lawyer
32512.mp4,lazy
32510.mp4,lazy
32511.mp4,lazy
66019.mp4,lazy
32547.mp4,lead
32535.mp4,lead
32537.mp4,lead
32539.mp4,lead
32557.mp4,leaf
32554.mp4,leaf
32559.mp4,leaf
32555.mp4,leaf
66024.mp4,learn
32608.mp4,learn
32606.mp4,learn
32607.mp4,learn
32669.mp4,leave
32667.mp4,leave
32661.mp4,leave
32662.mp4,leave
32701.mp4,lecture
32694.mp4,lecture
32697.mp4,lecture
32696.mp4,lecture
32814.mp4,lemon
32820.mp4,lemon
66030.mp4,lemon
66031.mp4,lemon
32830.mp4,lend
32825.mp4,lend
32824.mp4,lend
66034.mp4,lend
32863.mp4,lesbian
32859.mp4,lesbian
32860.mp4,lesbian
32867.mp4,lesbian
32878.mp4,less
32884.mp4,less
32877.mp4,less
32881.mp4,less
32953.mp4,letter
32954.mp4,letter
32959.mp4,letter
32945.mp4,letter
32966.mp4,lettuce
32972.mp4,lettuce
32963.mp4,lettuce
32964.mp4,lettuce
33051.mp4,library
33058.mp4,library
33052.mp4,library
33053.mp4,library
66067.mp4,lie
33115.mp4,lie
33114.mp4,lie
33128.mp4,lie
33172.mp4,lift
33170.mp4,lift
33166.mp4,lift
33167.mp4,lift
66069.mp4,light
33205.mp4,light
33229.mp4,light
33218.mp4,light
33246.mp4,lightning
33240.mp4,lightning
33241.mp4,lightning
33243.mp4,lightning
33267.mp4,like
33266.mp4,like
33269.mp4,like
33268.mp4,like
33316.mp4,limit
33314.mp4,limit
33312.mp4,limit
33311.mp4,limit
33346.mp4,line
33341.mp4,line
69390.mp4,line
33339.mp4,line
33377.mp4,linguistics
33376.mp4,linguistics
33380.mp4,linguistics
33375.mp4,linguistics
33486.mp4,list
33480.mp4,list
33479.mp4,list
66075.mp4,list
33465.mp4,listen
33460.mp4,listen
33466.mp4,listen
33455.mp4,listen
33639.mp4,lobster
33641.mp4,lobster
33640.mp4,lobster
33642.mp4,lobster
33701.mp4,lock
33696.mp4,lock
33697.mp4,lock
33704.mp4,lock
33767.mp4,lonely
66081.mp4,lonely
33771.mp4,lonely
33766.mp4,lonely
33805.mp4,long
33806.mp4,long
33804.mp4,long
33808.mp4,long
34008.mp4,losear
34002.mp4,losear
34005.mp4,losear
34018.mp4,losear
34088.mp4,loud
66087.mp4,loud
34087.mp4,loud
34089.mp4,loud
66088.mp4,lousy
34114.mp4,lousy
34117.mp4,lousy
34110.mp4,lousy
34137.mp4,love
34124.mp4,love
34127.mp4,love
34121.mp4,love
34208.mp4,lucky
34204.mp4,lucky
34205.mp4,lucky
34211.mp4,lucky
34271.mp4,lunch
34276.mp4,lunch
34268.mp4,lunch
34266.mp4,lunch
34359.mp4,machine
34357.mp4,machine
34354.mp4,machine
34355.mp4,machine
34510.mp4,mainstream
34511.mp4,mainstream
34512.mp4,mainstream
34514.mp4,mainstream
34543.mp4,major
34547.mp4,major
34545.mp4,major
34544.mp4,major
34586.mp4,make
34584.mp4,make
34583.mp4,make
34581.mp4,make
34742.mp4,man
34746.mp4,man
69395.mp4,man
34738.mp4,man
34705.mp4,manager
34701.mp4,manager
34703.mp4,manager
34702.mp4,manager
34823.mp4,many
34824.mp4,many
34825.mp4,many
34826.mp4,many
34873.mp4,march
34864.mp4,march
34867.mp4,march
34861.mp4,march
34965.mp4,marry
66104.mp4,marry
34956.mp4,marry
34958.mp4,marry
35115.mp4,match
35119.mp4,match
66106.mp4,match
35116.mp4,match
35159.mp4,math
35158.mp4,math
35156.mp4,math
35155.mp4,math
35214.mp4,maximum
35216.mp4,maximum
35210.mp4,maximum
35211.mp4,maximum
35292.mp4,mean
35293.mp4,mean
35299.mp4,mean
35295.mp4,mean
35346.mp4,measure
35339.mp4,measure
35338.mp4,measure
66108.mp4,measure
66109.mp4,meat
35369.mp4,meat
35366.mp4,meat
35360.mp4,meat
35377.mp4,mechanic
35378.mp4,mechanic
66110.mp4,mechanic
35383.mp4,mechanic
35458.mp4,medicine
35452.mp4,medicine
35453.mp4,medicine
35456.mp4,medicine
35512.mp4,meet
35511.mp4,meet
35517.mp4,meet
35518.mp4,meet
66114.mp4,memorize
35607.mp4,memorize
35609.mp4,memorize
35611.mp4,memorize
35885.mp4,mexico
66119.mp4,mexico
35884.mp4,mexico
35893.mp4,mexico
66121.mp4,microwave
35948.mp4,microwave
35945.mp4,microwave
35950.mp4,microwave
35966.mp4,middle
35965.mp4,middle
35968.mp4,middle
66122.mp4,middle
66123.mp4,mind
36119.mp4,mind
36118.mp4,mind
36124.mp4,mind
36248.mp4,minute
36244.mp4,minute
36245.mp4,minute
36242.mp4,minute
66129.mp4,mirror
36266.mp4,mirror
36260.mp4,mirror
36261.mp4,mirror
36343.mp4,miss
36342.mp4,miss
36336.mp4,miss
36335.mp4,miss
66133.mp4,mix
36462.mp4,mix
36453.mp4,mix
36452.mp4,mix
36607.mp4,mom
36604.mp4,mom
36605.mp4,mom
36603.mp4,mom
36632.mp4,monday
66136.mp4,monday
36631.mp4,monday
36630.mp4,monday
36660.mp4,money
36651.mp4,money
36652.mp4,money
36654.mp4,money
36687.mp4,monkey
36683.mp4,monkey
36681.mp4,monkey
66140.mp4,monkey
36717.mp4,monster
36720.mp4,monster
36713.mp4,monster
36714.mp4,monster
36733.mp4,month
36736.mp4,month
36734.mp4,month
36738.mp4,month
36791.mp4,moon
36779.mp4,moon
36782.mp4,moon
66142.mp4,moon
36827.mp4,more
36828.mp4,more
36829.mp4,more
36830.mp4,more
36858.mp4,morning
36857.mp4,morning
36866.mp4,morning
36863.mp4,morning
66145.mp4,most
36913.mp4,most
36915.mp4,most
36918.mp4,most
66147.mp4,mother
36930.mp4,mother
36931.mp4,mother
36932.mp4,mother
36998.mp4,motorcycle
36992.mp4,motorcycle
36993.mp4,motorcycle
36994.mp4,motorcycle
37026.mp4,mountain
37022.mp4,mountain
37018.mp4,mountain
37019.mp4,mountain
66149.mp4,mouth
37062.mp4,mouth
37068.mp4,mouth
37065.mp4,mouth
37087.mp4,move
37086.mp4,move
37089.mp4,move
37093.mp4,move
37152.mp4,movie
37129.mp4,movie
37125.mp4,movie
37126.mp4,movie
37267.mp4,multiply
37278.mp4,multiply
37273.mp4,multiply
37269.mp4,multiply
37347.mp4,mushroom
37346.mp4,mushroom
37345.mp4,mushroom
37350.mp4,mushroom
37363.mp4,music
37367.mp4,music
37364.mp4,music
37369.mp4,music
37419.mp4,must
37425.mp4,must
37427.mp4,must
37421.mp4,must
37397.mp4,mustache
37403.mp4,mustache
37400.mp4,mustache
37399.mp4,mustache
37477.mp4,my
37473.mp4,my
37470.mp4,my
37471.mp4,my
37490.mp4,myself
37483.mp4,myself
37485.mp4,myself
37488.mp4,myself
37590.mp4,name
37582.mp4,name
37580.mp4,name
37581.mp4,name
37612.mp4,napkin
37613.mp4,napkin
37611.mp4,napkin
37617.mp4,napkin
37790.mp4,near
37796.mp4,near
37794.mp4,near
37784.mp4,near
37841.mp4,neck
66161.mp4,neck
37838.mp4,neck
37839.mp4,neck
66162.mp4,necklace
37859.mp4,necklace
37855.mp4,necklace
37850.mp4,necklace
37886.mp4,need
37884.mp4,need
37883.mp4,need
37882.mp4,need
66164.mp4,negative
69406.mp4,negative
37915.mp4,negative
37914.mp4,negative
37962.mp4,neighbor
37967.mp4,neighbor
37957.mp4,neighbor
37956.mp4,neighbor
37987.mp4,nephew
37985.mp4,nephew
37989.mp4,nephew
37984.mp4,nephew
38019.mp4,nervous
38011.mp4,nervous
38015.mp4,nervous
38014.mp4,nervous
38048.mp4,network
38043.mp4,network
38047.mp4,network
38044.mp4,network
38071.mp4,neutral
38067.mp4,neutral
38063.mp4,neutral
38064.mp4,neutral
66166.mp4,never
38086.mp4,never
38084.mp4,never
38085.mp4,never
38123.mp4,new
38122.mp4,new
38125.mp4,new
38127.mp4,new
38316.mp4,niece
38318.mp4,niece
38315.mp4,niece
66171.mp4,niece
38401.mp4,nineteen
38399.mp4,nineteen
38398.mp4,nineteen
38396.mp4,nineteen
69411.mp4,no
38544.mp4,no
38534.mp4,no
38532.mp4,no
69412.mp4,none
38588.mp4,none
38586.mp4,none
38594.mp4,none
38691.mp4,north
38681.mp4,north
38682.mp4,north
38684.mp4,north
38731.mp4,nose
38733.mp4,nose
38737.mp4,nose
38729.mp4,nose
38858.mp4,not
38857.mp4,not
38860.mp4,not
38863.mp4,not
38842.mp4,nothing
38841.mp4,nothing
38844.mp4,nothing
38830.mp4,nothing
69413.mp4,now
38990.mp4,now
38994.mp4,now
38995.mp4,now
39034.mp4,number
39036.mp4,number
39032.mp4,number
39033.mp4,number
69416.mp4,ocean
39348.mp4,ocean
39349.mp4,ocean
39350.mp4,ocean
39368.mp4,october
39360.mp4,october
39361.mp4,october
39362.mp4,october
69418.mp4,off
39444.mp4,off
39443.mp4,off
39442.mp4,off
39427.mp4,offer
39426.mp4,offer
39425.mp4,offer
39428.mp4,offer
39468.mp4,office
39463.mp4,office
39462.mp4,office
39460.mp4,office
39504.mp4,often
39511.mp4,often
39510.mp4,often
39505.mp4,often
39596.mp4,ok
39583.mp4,ok
39585.mp4,ok
39586.mp4,ok
39635.mp4,old
39632.mp4,old
39625.mp4,old
39626.mp4,old
39845.mp4,on
69420.mp4,on
39839.mp4,on
39841.mp4,on
69421.mp4,one
39750.mp4,one
39747.mp4,one
39743.mp4,one
39847.mp4,onion
39848.mp4,onion
39853.mp4,onion
39850.mp4,onion
39874.mp4,only
39875.mp4,only
39877.mp4,only
39878.mp4,only
39957.mp4,open
39951.mp4,open
39962.mp4,open
39955.mp4,open
66240.mp4,opinion
40011.mp4,opinion
40014.mp4,opinion
66239.mp4,opinion
40050.mp4,opposite
40056.mp4,opposite
40054.mp4,opposite
40052.mp4,opposite
40117.mp4,orange
40115.mp4,orange
40121.mp4,orange
40129.mp4,orange
40183.mp4,order
40169.mp4,order
40179.mp4,order
40178.mp4,order
40467.mp4,outside
40464.mp4,outside
40477.mp4,outside
40465.mp4,outside
40560.mp4,over
40569.mp4,over
40561.mp4,over
40565.mp4,over
40635.mp4,overwhelm
40636.mp4,overwhelm
40638.mp4,overwhelm
40639.mp4,overwhelm
40657.mp4,owe
40652.mp4,owe
40654.mp4,owe
40650.mp4,owe
40806.mp4,pain
40810.mp4,pain
40802.mp4,pain
40803.mp4,pain
40834.mp4,paint
40835.mp4,paint
40836.mp4,paint
40837.mp4,paint
40988.mp4,pants
40985.mp4,pants
40986.mp4,pants
40987.mp4,pants
41030.mp4,paper
41037.mp4,paper
41032.mp4,paper
41025.mp4,paper
41070.mp4,parade
41065.mp4,parade
41068.mp4,parade
41064.mp4,parade
41312.mp4,party
41311.mp4,party
41317.mp4,party
41315.mp4,party
41350.mp4,pass
41365.mp4,pass
41364.mp4,pass
41352.mp4,pass
41446.mp4,past
41447.mp4,past
41449.mp4,past
41450.mp4,past
41483.mp4,path
41480.mp4,path
41481.mp4,path
41487.mp4,path
41506.mp4,patient
41509.mp4,patient
41508.mp4,patient
66270.mp4,patient
66271.mp4,pay
41585.mp4,pay
41584.mp4,pay
41580.mp4,pay
41670.mp4,peach
41669.mp4,peach
41662.mp4,peach
41663.mp4,peach
41939.mp4,pepper
41945.mp4,pepper
41942.mp4,pepper
41941.mp4,pepper
41998.mp4,perfect
65575.mp4,perfect
42008.mp4,perfect
42005.mp4,perfect
42227.mp4,person
42226.mp4,person
42225.mp4,person
66280.mp4,person
42243.mp4,perspective
42245.mp4,perspective
42247.mp4,perspective
42246.mp4,perspective
42318.mp4,pet
42314.mp4,pet
66283.mp4,pet
42308.mp4,pet
42472.mp4,photographer
42478.mp4,photographer
42475.mp4,photographer
42470.mp4,photographer
42540.mp4,physician
42547.mp4,physician
42544.mp4,physician
42545.mp4,physician
42560.mp4,physics
42554.mp4,physics
42553.mp4,physics
42555.mp4,physics
42565.mp4,piano
42567.mp4,piano
42569.mp4,piano
42566.mp4,piano
42652.mp4,picture
42651.mp4,picture
42660.mp4,picture
42656.mp4,picture
42675.mp4,pie
42677.mp4,pie
42671.mp4,pie
42672.mp4,pie
69429.mp4,pig
42701.mp4,pig
42702.mp4,pig
42703.mp4,pig
42746.mp4,pillow
42747.mp4,pillow
42753.mp4,pillow
42750.mp4,pillow
42832.mp4,pink
42833.mp4,pink
42830.mp4,pink
42831.mp4,pink
42956.mp4,pizza
42959.mp4,pizza
42958.mp4,pizza
42977.mp4,pizza
42994.mp4,place
42988.mp4,place
42987.mp4,place
42989.mp4,place
43079.mp4,plant
43083.mp4,plant
43078.mp4,plant
43081.mp4,plant
43167.mp4,play
43166.mp4,play
43169.mp4,play
43168.mp4,play
43217.mp4,please
43218.mp4,please
43220.mp4,please
43222.mp4,please
43342.mp4,plus
43339.mp4,plus
43340.mp4,plus
43349.mp4,plus
43382.mp4,pocket
43381.mp4,pocket
43380.mp4,pocket
43384.mp4,pocket
43462.mp4,point
43461.mp4,point
43444.mp4,point
43445.mp4,point
66306.mp4,police
43535.mp4,police
43529.mp4,police
43528.mp4,police
43557.mp4,policy
43553.mp4,policy
43554.mp4,policy
43555.mp4,policy
43571.mp4,polite
43572.mp4,polite
43573.mp4,polite
43580.mp4,polite
43596.mp4,politics
43595.mp4,politics
43598.mp4,politics
43599.mp4,politics
43684.mp4,poor
43682.mp4,poor
43680.mp4,poor
43689.mp4,poor
43729.mp4,popular
43727.mp4,popular
43726.mp4,popular
43733.mp4,popular
43833.mp4,possible
43835.mp4,possible
43834.mp4,possible
43836.mp4,possible
43901.mp4,postpone
43903.mp4,postpone
43902.mp4,postpone
43904.mp4,postpone
66318.mp4,potato
43929.mp4,potato
43938.mp4,potato
43930.mp4,potato
43989.mp4,pound
43988.mp4,pound
43986.mp4,pound
43987.mp4,pound
44058.mp4,power
44050.mp4,power
44051.mp4,power
44045.mp4,power
44085.mp4,practice
44087.mp4,practice
44086.mp4,practice
44082.mp4,practice
44132.mp4,pray
44136.mp4,pray
44128.mp4,pray
44126.mp4,pray
44208.mp4,predict
44203.mp4,predict
44202.mp4,predict
44201.mp4,predict
44278.mp4,prepare
44276.mp4,prepare
44274.mp4,prepare
44273.mp4,prepare
44333.mp4,present
44335.mp4,present
44350.mp4,present
44349.mp4,present
44320.mp4,presentation
44321.mp4,presentation
44322.mp4,presentation
44323.mp4,presentation
44374.mp4,president
44373.mp4,president
44370.mp4,president
44371.mp4,president
44445.mp4,prevent
44443.mp4,prevent
44448.mp4,prevent
44441.mp4,prevent
44478.mp4,price
44474.mp4,price
44470.mp4,price
44471.mp4,price
44500.mp4,priest
44492.mp4,priest
44493.mp4,priest
44496.mp4,priest
66332.mp4,print
44572.mp4,print
44567.mp4,print
44568.mp4,print
44566.mp4,printer
44563.mp4,printer
44560.mp4,printer
44561.mp4,printer
44628.mp4,private
44626.mp4,private
44629.mp4,private
44625.mp4,private
44683.mp4,problem
44682.mp4,problem
44681.mp4,problem
44680.mp4,problem
44739.mp4,procrastinate
44738.mp4,procrastinate
44737.mp4,procrastinate
44735.mp4,procrastinate
44779.mp4,professional
44778.mp4,professional
44776.mp4,professional
44783.mp4,professional
44860.mp4,project
44869.mp4,project
44868.mp4,project
44863.mp4,project
44956.mp4,proof
44953.mp4,proof
44951.mp4,proof
44949.mp4,proof
66343.mp4,protect
45060.mp4,protect
45061.mp4,protect
45062.mp4,protect
45104.mp4,prove
45101.mp4,prove
45100.mp4,prove
45099.mp4,prove
45110.mp4,provide
45111.mp4,provide
45113.mp4,provide
45114.mp4,provide
45171.mp4,psychology
45180.mp4,psychology
45177.mp4,psychology
45175.mp4,psychology
45262.mp4,pull
45263.mp4,pull
45261.mp4,pull
45267.mp4,pull
45325.mp4,pumpkin
66352.mp4,pumpkin
45330.mp4,pumpkin
45327.mp4,pumpkin
45367.mp4,punish
66354.mp4,punish
45369.mp4,punish
45363.mp4,punish
45443.mp4,purple
66355.mp4,purple
45438.mp4,purple
45436.mp4,purple
45448.mp4,purpose
45449.mp4,purpose
45451.mp4,purpose
45455.mp4,purpose
66356.mp4,push
45479.mp4,push
45480.mp4,push
45481.mp4,push
45512.mp4,put
45515.mp4,put
45511.mp4,put
45513.mp4,put
45572.mp4,puzzled
45571.mp4,puzzled
45577.mp4,puzzled
45574.mp4,puzzled
45692.mp4,queen
45689.mp4,queen
45687.mp4,queen
66362.mp4,queen
69442.mp4,question
45723.mp4,question
45719.mp4,question
45714.mp4,question
45746.mp4,quick
45743.mp4,quick
45749.mp4,quick
66364.mp4,quick
45762.mp4,quiet
45767.mp4,quiet
66365.mp4,quiet
45757.mp4,quiet
45781.mp4,quit
45780.mp4,quit
45782.mp4,quit
45785.mp4,quit
45822.mp4,quote
45826.mp4,quote
45819.mp4,quote
45824.mp4,quote
45842.mp4,rabbit
45843.mp4,rabbit
45840.mp4,rabbit
45839.mp4,rabbit
45861.mp4,raccoon
66367.mp4,raccoon
66368.mp4,raccoon
45853.mp4,raccoon
45865.mp4,race
45866.mp4,race
45864.mp4,race
45867.mp4,race
45907.mp4,radio
45910.mp4,radio
45912.mp4,radio
45908.mp4,radio
45993.mp4,rain
46001.mp4,rain
66369.mp4,rain
45994.mp4,rain
45968.mp4,rainbow
45969.mp4,rainbow
45967.mp4,rainbow
45971.mp4,rainbow
46054.mp4,rake
46055.mp4,rake
66370.mp4,rake
46058.mp4,rake
46182.mp4,rat
46179.mp4,rat
46178.mp4,rat
46175.mp4,rat
46276.mp4,read
46272.mp4,read
46269.mp4,read
46268.mp4,read
46305.mp4,ready
46292.mp4,ready
46293.mp4,ready
46291.mp4,ready
46372.mp4,really
69445.mp4,really
46368.mp4,really
46369.mp4,really
46429.mp4,reason
46428.mp4,reason
46436.mp4,reason
46430.mp4,reason
46506.mp4,recent
46502.mp4,recent
46503.mp4,recent
46500.mp4,recent
46596.mp4,recognize
46592.mp4,recognize
46589.mp4,recognize
46590.mp4,recognize
46734.mp4,red
46737.mp4,red
46731.mp4,red
46733.mp4,red
46865.mp4,refuse
46867.mp4,refuse
66381.mp4,refuse
46870.mp4,refuse
46958.mp4,rehearse
46957.mp4,rehearse
46965.mp4,rehearse
46960.mp4,rehearse
47104.mp4,religion
47107.mp4,religion
47106.mp4,religion
47112.mp4,religion
47175.mp4,remember
47176.mp4,remember
47177.mp4,remember
47178.mp4,remember
47239.mp4,remove
47237.mp4,remove
66390.mp4,remove
47238.mp4,remove
47301.mp4,repeat
47300.mp4,repeat
47307.mp4,repeat
47305.mp4,repeat
66392.mp4,replace
47332.mp4,replace
47333.mp4,replace
47337.mp4,replace
47387.mp4,represent
47385.mp4,represent
47384.mp4,represent
47383.mp4,represent
47466.mp4,require
47469.mp4,require
47462.mp4,require
47460.mp4,require
47611.mp4,respect
47612.mp4,respect
47615.mp4,respect
47604.mp4,respect
66397.mp4,responsibility
47644.mp4,responsibility
47642.mp4,responsibility
47640.mp4,responsibility
47661.mp4,restaurant
66398.mp4,restaurant
47659.mp4,restaurant
47658.mp4,restaurant
47731.mp4,result
47736.mp4,result
47734.mp4,result
47733.mp4,result
47794.mp4,retire
47790.mp4,retire
66400.mp4,retire
47789.mp4,retire
47905.mp4,review
47904.mp4,review
47906.mp4,review
47901.mp4,review
48021.mp4,rich
48029.mp4,rich
48032.mp4,rich
48020.mp4,rich
48054.mp4,ride
48050.mp4,ride
48051.mp4,ride
48044.mp4,ride
48114.mp4,right
48124.mp4,right
48105.mp4,right
48106.mp4,right
48209.mp4,rise
48216.mp4,rise
48210.mp4,rise
48212.mp4,rise
48328.mp4,rob
48329.mp4,rob
48325.mp4,rob
48327.mp4,rob
66411.mp4,rock
48378.mp4,rock
48371.mp4,rock
48373.mp4,rock
48411.mp4,role
48408.mp4,role
48405.mp4,role
48404.mp4,role
48521.mp4,room
48513.mp4,room
48512.mp4,room
48516.mp4,room
48545.mp4,rooster
48540.mp4,rooster
48542.mp4,rooster
48539.mp4,rooster
66418.mp4,rough
48614.mp4,rough
48610.mp4,rough
48611.mp4,rough
48710.mp4,rude
48706.mp4,rude
48704.mp4,rude
48705.mp4,rude
48810.mp4,run
48801.mp4,run
48800.mp4,run
48809.mp4,run
48893.mp4,rush
48890.mp4,rush
48891.mp4,rush
48894.mp4,rush
48899.mp4,russia
48908.mp4,russia
48901.mp4,russia
48902.mp4,russia
48978.mp4,sad
48974.mp4,sad
48976.mp4,sad
48971.mp4,sad
48997.mp4,safe
48996.mp4,safe
48995.mp4,safe
49002.mp4,safe
49079.mp4,salad
49078.mp4,salad
49077.mp4,salad
49084.mp4,salad
49129.mp4,salt
49140.mp4,salt
66422.mp4,salt
69451.mp4,salt
49174.mp4,same
49175.mp4,same
49178.mp4,same
49176.mp4,same
49248.mp4,sandwich
49246.mp4,sandwich
49247.mp4,sandwich
49252.mp4,sandwich
49324.mp4,satisfy
49320.mp4,satisfy
49318.mp4,satisfy
49319.mp4,satisfy
49329.mp4,saturday
49335.mp4,saturday
49334.mp4,saturday
49338.mp4,saturday
49383.mp4,save
49384.mp4,save
49378.mp4,save
49379.mp4,save
49433.mp4,say
49432.mp4,say
49430.mp4,say
49436.mp4,say
66432.mp4,scared
49477.mp4,scared
49478.mp4,scared
49487.mp4,scared
49595.mp4,school
49596.mp4,school
49597.mp4,school
49598.mp4,school
49634.mp4,science
49631.mp4,science
49633.mp4,science
49632.mp4,science
49644.mp4,scientist
49645.mp4,scientist
49651.mp4,scientist
49646.mp4,scientist
49659.mp4,scissors
49658.mp4,scissors
49656.mp4,scissors
49654.mp4,scissors
49692.mp4,score
49691.mp4,score
49697.mp4,score
49695.mp4,score
49737.mp4,scotland
49730.mp4,scotland
49729.mp4,scotland
49728.mp4,scotland
49806.mp4,screwdriver
49807.mp4,screwdriver
49804.mp4,screwdriver
49805.mp4,screwdriver
49936.mp4,search
49934.mp4,search
49933.mp4,search
49931.mp4,search
50023.mp4,second
50014.mp4,second
50006.mp4,second
50020.mp4,second
50053.mp4,secret
50055.mp4,secret
50054.mp4,secret
50059.mp4,secret
50052.mp4,secretary
50039.mp4,secretary
50038.mp4,secretary
50037.mp4,secretary
50139.mp4,seem
50144.mp4,seem
50140.mp4,seem
50143.mp4,seem
50252.mp4,selfish
50244.mp4,selfish
50246.mp4,selfish
50249.mp4,selfish
50268.mp4,sell
50269.mp4,sell
69461.mp4,sell
50271.mp4,sell
50324.mp4,senate
50321.mp4,senate
66444.mp4,senate
50318.mp4,senate
50370.mp4,senior
50364.mp4,senior
50363.mp4,senior
50365.mp4,senior
66447.mp4,sensitive
50405.mp4,sensitive
50402.mp4,sensitive
50398.mp4,sensitive
50411.mp4,sentence
50410.mp4,sentence
50415.mp4,sentence
50414.mp4,sentence
50443.mp4,separate
50439.mp4,separate
50436.mp4,separate
50433.mp4,separate
50508.mp4,serious
50505.mp4,serious
50503.mp4,serious
66448.mp4,serious
50529.mp4,serve
50532.mp4,serve
50534.mp4,serve
50537.mp4,serve
50547.mp4,service
50549.mp4,service
50548.mp4,service
50553.mp4,service
66453.mp4,seven
50620.mp4,seven
50623.mp4,seven
69463.mp4,seven
50826.mp4,shampoo
50827.mp4,shampoo
50828.mp4,shampoo
50830.mp4,shampoo
50845.mp4,shape
50841.mp4,shape
69465.mp4,shape
50835.mp4,shape
50862.mp4,share
50849.mp4,share
50851.mp4,share
50850.mp4,share
50954.mp4,she
50952.mp4,she
50951.mp4,she
69466.mp4,she
50958.mp4,shelf
50957.mp4,shelf
50960.mp4,shelf
50964.mp4,shelf
51020.mp4,shine
51023.mp4,shine
51027.mp4,shine
51021.mp4,shine
51081.mp4,shirt
51064.mp4,shirt
51067.mp4,shirt
51061.mp4,shirt
51108.mp4,shock
51106.mp4,shock
51107.mp4,shock
51104.mp4,shock
51185.mp4,shop
51180.mp4,shop
51177.mp4,shop
51178.mp4,shop
51235.mp4,short
51236.mp4,short
51231.mp4,short
51232.mp4,short
51292.mp4,should
51287.mp4,should
51289.mp4,should
51288.mp4,should
51348.mp4,show
51345.mp4,show
51346.mp4,show
51347.mp4,show
51408.mp4,shrimp
51403.mp4,shrimp
51404.mp4,shrimp
51398.mp4,shrimp
51476.mp4,shy
51477.mp4,shy
51475.mp4,shy
51478.mp4,shy
66475.mp4,sick
51517.mp4,sick
51502.mp4,sick
51503.mp4,sick
51660.mp4,sign
51667.mp4,sign
51622.mp4,sign
51621.mp4,sign
51704.mp4,silly
51708.mp4,silly
51709.mp4,silly
66481.mp4,silly
51721.mp4,silver
51719.mp4,silver
51718.mp4,silver
51726.mp4,silver
51738.mp4,similar
51734.mp4,similar
51731.mp4,similar
51730.mp4,similar
51781.mp4,since
66483.mp4,since
66482.mp4,since
51775.mp4,since
51874.mp4,siren
66487.mp4,siren
51872.mp4,siren
51876.mp4,siren
51889.mp4,sister
51887.mp4,sister
51886.mp4,sister
51885.mp4,sister
51927.mp4,sit
51921.mp4,sit
51919.mp4,sit
51917.mp4,sit
51940.mp4,situation
51937.mp4,situation
51934.mp4,situation
51933.mp4,situation
66490.mp4,six
51957.mp4,six
51960.mp4,six
51955.mp4,six
52089.mp4,skeleton
52082.mp4,skeleton
52083.mp4,skeleton
52086.mp4,skeleton
52107.mp4,sketch
52104.mp4,sketch
52105.mp4,sketch
52108.mp4,sketch
52161.mp4,skin
52163.mp4,skin
52160.mp4,skin
52158.mp4,skin
52169.mp4,skinny
52170.mp4,skinny
52171.mp4,skinny
52175.mp4,skinny
52208.mp4,skirt
52200.mp4,skirt
52201.mp4,skirt
52203.mp4,skirt
52229.mp4,sky
52231.mp4,sky
52230.mp4,sky
52232.mp4,sky
52291.mp4,slave
52288.mp4,slave
52296.mp4,slave
52293.mp4,slave
52318.mp4,sleep
52316.mp4,sleep
52317.mp4,sleep
69479.mp4,sleep
52348.mp4,sleepy
52344.mp4,sleepy
52349.mp4,sleepy
52354.mp4,sleepy
52430.mp4,slip
52435.mp4,slip
52442.mp4,slip
66507.mp4,slip
66508.mp4,slow
52515.mp4,slow
52510.mp4,slow
52512.mp4,slow
52554.mp4,small
52555.mp4,small
52556.mp4,small
52557.mp4,small
52576.mp4,smart
52575.mp4,smart
52579.mp4,smart
52578.mp4,smart
52609.mp4,smell
52604.mp4,smell
52603.mp4,smell
66510.mp4,smell
52711.mp4,snake
52720.mp4,snake
66515.mp4,snake
52712.mp4,snake
52798.mp4,snob
52796.mp4,snob
52797.mp4,snob
52802.mp4,snob
52867.mp4,snow
52860.mp4,snow
52862.mp4,snow
52863.mp4,snow
52926.mp4,soap
52921.mp4,soap
52917.mp4,soap
52918.mp4,soap
52947.mp4,soccer
52943.mp4,soccer
52941.mp4,soccer
52940.mp4,soccer
53013.mp4,socks
53014.mp4,socks
53016.mp4,socks
53015.mp4,socks
53024.mp4,soda
69482.mp4,soda
53030.mp4,soda
53026.mp4,soda
53067.mp4,soft
53066.mp4,soft
53064.mp4,soft
53073.mp4,soft
53160.mp4,solid
53157.mp4,solid
53153.mp4,solid
53155.mp4,solid
53216.mp4,some
53210.mp4,some
53212.mp4,some
69484.mp4,some
53247.mp4,sometimes
53241.mp4,sometimes
53240.mp4,sometimes
53243.mp4,sometimes
53279.mp4,son
53273.mp4,son
53270.mp4,son
53271.mp4,son
53294.mp4,soon
53295.mp4,soon
53293.mp4,soon
53300.mp4,soon
53343.mp4,sore
53347.mp4,sore
53345.mp4,sore
53340.mp4,sore
53416.mp4,sound
53417.mp4,sound
53414.mp4,sound
53415.mp4,sound
66538.mp4,soup
53434.mp4,soup
53431.mp4,soup
69485.mp4,soup
53448.mp4,sour
53443.mp4,sour
53444.mp4,sour
53447.mp4,sour
53463.mp4,south
53457.mp4,south
53464.mp4,south
53460.mp4,south
53544.mp4,spain
53545.mp4,spain
53546.mp4,spain
53547.mp4,spain
53565.mp4,spanish
66541.mp4,spanish
53566.mp4,spanish
53564.mp4,spanish
53642.mp4,special
66542.mp4,special
53646.mp4,special
53644.mp4,special
53667.mp4,specific
53668.mp4,specific
53675.mp4,specific
53672.mp4,specific
53709.mp4,speech
53706.mp4,speech
53707.mp4,speech
53700.mp4,speech
53773.mp4,spell
53772.mp4,spell
53778.mp4,spell
69487.mp4,spell
66546.mp4,spider
53827.mp4,spider
53825.mp4,spider
53829.mp4,spider
53875.mp4,spin
53872.mp4,spin
53873.mp4,spin
53881.mp4,spin
53903.mp4,spirit
53901.mp4,spirit
53902.mp4,spirit
53906.mp4,spirit
54083.mp4,spray
54082.mp4,spray
54087.mp4,spray
54080.mp4,spray
54124.mp4,spring
54121.mp4,spring
54116.mp4,spring
54119.mp4,spring
54205.mp4,squirrel
54213.mp4,squirrel
66551.mp4,squirrel
54206.mp4,squirrel
54302.mp4,stairs
54297.mp4,stairs
54296.mp4,stairs
54298.mp4,stairs
54347.mp4,stamp
54343.mp4,stamp
54341.mp4,stamp
54349.mp4,stamp
54444.mp4,star
54447.mp4,star
54443.mp4,star
54437.mp4,star
54426.mp4,stare
54424.mp4,stare
54425.mp4,stare
54428.mp4,stare
54563.mp4,stay
54562.mp4,stay
54561.mp4,stay
54567.mp4,stay
54589.mp4,steal
54588.mp4,steal
54600.mp4,steal
54591.mp4,steal
54609.mp4,steel
54613.mp4,steel
54610.mp4,steel
54612.mp4,steel
66558.mp4,stink
66557.mp4,stink
54828.mp4,stink
54822.mp4,stink
66560.mp4,stomach
54886.mp4,stomach
54880.mp4,stomach
54879.mp4,stomach
54928.mp4,stop
54923.mp4,stop
54925.mp4,stop
54922.mp4,stop
54956.mp4,store
54957.mp4,store
54955.mp4,store
69489.mp4,store
66563.mp4,straight
55050.mp4,straight
55056.mp4,straight
55048.mp4,straight
66564.mp4,strange
55072.mp4,strange
55070.mp4,strange
55071.mp4,strange
55118.mp4,straw
55120.mp4,straw
55122.mp4,straw
55126.mp4,straw
55110.mp4,strawberry
55105.mp4,strawberry
69492.mp4,strawberry
66568.mp4,strawberry
55179.mp4,stress
55178.mp4,stress
55177.mp4,stress
66570.mp4,stress
55200.mp4,strict
55199.mp4,strict
55198.mp4,strict
66571.mp4,strict
55276.mp4,strong
55277.mp4,strong
66572.mp4,strong
55278.mp4,strong
55292.mp4,structure
55295.mp4,structure
55289.mp4,structure
55288.mp4,structure
66573.mp4,struggle
55300.mp4,struggle
55301.mp4,struggle
55308.mp4,struggle
55315.mp4,stubborn
55314.mp4,stubborn
55313.mp4,stubborn
66574.mp4,stubborn
55339.mp4,student
55338.mp4,student
55337.mp4,student
55340.mp4,student
55366.mp4,study
55364.mp4,study
55365.mp4,study
55362.mp4,study
55421.mp4,stupid
55423.mp4,stupid
55425.mp4,stupid
55431.mp4,stupid
66577.mp4,subtract
55533.mp4,subtract
55535.mp4,subtract
55534.mp4,subtract
55560.mp4,subway
55553.mp4,subway
55555.mp4,subway
55554.mp4,subway
55636.mp4,suffer
55638.mp4,suffer
55640.mp4,suffer
55637.mp4,suffer
55661.mp4,sugar
55668.mp4,sugar
55658.mp4,sugar
55659.mp4,sugar
55670.mp4,suggest
55673.mp4,suggest
55675.mp4,suggest
55678.mp4,suggest
55738.mp4,summer
55731.mp4,summer
55733.mp4,summer
55732.mp4,summer
55747.mp4,summon
55746.mp4,summon
55750.mp4,summon
55755.mp4,summon
55806.mp4,sun
55808.mp4,sun
55814.mp4,sun
55803.mp4,sun
55782.mp4,sunday
55772.mp4,sunday
55769.mp4,sunday
55771.mp4,sunday
55860.mp4,sunset
55864.mp4,sunset
55854.mp4,sunset
55855.mp4,sunset
55977.mp4,support
55976.mp4,support
55984.mp4,support
55979.mp4,support
56051.mp4,surface
56052.mp4,surface
56054.mp4,surface
56048.mp4,surface
56089.mp4,surgery
56086.mp4,surgery
56084.mp4,surgery
56082.mp4,surgery
56107.mp4,surprise
56106.mp4,surprise
56105.mp4,surprise
56108.mp4,surprise
56158.mp4,suspect
56159.mp4,suspect
56167.mp4,suspect
56161.mp4,suspect
56193.mp4,swallow
56195.mp4,swallow
56196.mp4,swallow
56198.mp4,swallow
56248.mp4,sweater
56254.mp4,sweater
56251.mp4,sweater
56249.mp4,sweater
56317.mp4,sweet
56314.mp4,sweet
56312.mp4,sweet
56313.mp4,sweet
56297.mp4,sweetheart
56296.mp4,sweetheart
56295.mp4,sweetheart
56298.mp4,sweetheart
56370.mp4,swimsuit
56371.mp4,swimsuit
56372.mp4,swimsuit
56373.mp4,swimsuit
56423.mp4,switzerland
56424.mp4,switzerland
56425.mp4,switzerland
56426.mp4,switzerland
56471.mp4,symbol
56463.mp4,symbol
56464.mp4,symbol
56461.mp4,symbol
56563.mp4,table
56558.mp4,table
56579.mp4,table
56556.mp4,table
56773.mp4,take
56775.mp4,take
56772.mp4,take
56767.mp4,take
56783.mp4,tale
56782.mp4,tale
56787.mp4,tale
56779.mp4,tale
56820.mp4,talk
56821.mp4,talk
56816.mp4,talk
56811.mp4,talk
56837.mp4,tall
56842.mp4,tall
56840.mp4,tall
56841.mp4,tall
56881.mp4,tan
56876.mp4,tan
56875.mp4,tan
56874.mp4,tan
56972.mp4,taste
56973.mp4,taste
56971.mp4,taste
56975.mp4,taste
57087.mp4,tea
57080.mp4,tea
57082.mp4,tea
57077.mp4,tea
57063.mp4,teach
57060.mp4,teach
57068.mp4,teach
57064.mp4,teach
57041.mp4,teacher
57040.mp4,teacher
57042.mp4,teacher
57045.mp4,teacher
57092.mp4,team
57093.mp4,team
57090.mp4,team
57091.mp4,team
57134.mp4,tease
57141.mp4,tease
57139.mp4,tease
57138.mp4,tease
57236.mp4,telephone
57237.mp4,telephone
57238.mp4,telephone
57239.mp4,telephone
57265.mp4,television
57266.mp4,television
57261.mp4,television
57263.mp4,television
57291.mp4,tell
57276.mp4,tell
57277.mp4,tell
57287.mp4,tell
57303.mp4,temperature
57307.mp4,temperature
57304.mp4,temperature
57306.mp4,temperature
57329.mp4,temple
57324.mp4,temple
57327.mp4,temple
57322.mp4,temple
57369.mp4,tender
57371.mp4,tender
57374.mp4,tender
57373.mp4,tender
57412.mp4,tennis
57410.mp4,tennis
57411.mp4,tennis
57417.mp4,tennis
57436.mp4,tent
57439.mp4,tent
69501.mp4,tent
57447.mp4,tent
57483.mp4,terrible
57484.mp4,terrible
57486.mp4,terrible
57489.mp4,terrible
57531.mp4,test
57535.mp4,test
57534.mp4,test
57541.mp4,test
57598.mp4,thailand
57596.mp4,thailand
57603.mp4,thailand
57601.mp4,thailand
57647.mp4,thanksgiving
57641.mp4,thanksgiving
57638.mp4,thanksgiving
57639.mp4,thanksgiving
57728.mp4,their
57729.mp4,their
57725.mp4,their
57726.mp4,their
57764.mp4,themselves
57765.mp4,themselves
57768.mp4,themselves
57759.mp4,themselves
57788.mp4,theory
57789.mp4,theory
57782.mp4,theory
57784.mp4,theory
66605.mp4,therapy
57806.mp4,therapy
57807.mp4,therapy
57803.mp4,therapy
57953.mp4,thin
57948.mp4,thin
57949.mp4,thin
57940.mp4,thin
57928.mp4,thing
57925.mp4,thing
57922.mp4,thing
57923.mp4,thing
66609.mp4,think
69505.mp4,think
57973.mp4,think
57974.mp4,think
58016.mp4,third
58014.mp4,third
58013.mp4,third
58009.mp4,third
58031.mp4,thirsty
69506.mp4,thirsty
66615.mp4,thirsty
58026.mp4,thirsty
66629.mp4,thousand
58137.mp4,thousand
58139.mp4,thousand
58132.mp4,thousand
58188.mp4,three
58183.mp4,three
58182.mp4,three
58185.mp4,three
58281.mp4,through
58276.mp4,through
58275.mp4,through
58274.mp4,through
58294.mp4,throw
58296.mp4,throw
58303.mp4,throw
58300.mp4,throw
66640.mp4,thursday
58361.mp4,thursday
58360.mp4,thursday
58363.mp4,thursday
66642.mp4,tie
58435.mp4,tie
58434.mp4,tie
58430.mp4,tie
66643.mp4,tiger
58452.mp4,tiger
58450.mp4,tiger
58445.mp4,tiger
66644.mp4,time
58499.mp4,time
58498.mp4,time
58497.mp4,time
58594.mp4,tired
58592.mp4,tired
58593.mp4,tired
58591.mp4,tired
58614.mp4,tissue
58612.mp4,tissue
58616.mp4,tissue
58611.mp4,tissue
58730.mp4,to
58721.mp4,to
58723.mp4,to
58722.mp4,to
58649.mp4,toast
58657.mp4,toast
66652.mp4,toast
58651.mp4,toast
58687.mp4,today
58684.mp4,today
58682.mp4,today
58683.mp4,today
58710.mp4,together
58714.mp4,together
58707.mp4,together
58706.mp4,together
58788.mp4,tomato
58787.mp4,tomato
58786.mp4,tomato
58784.mp4,tomato
58805.mp4,tomorrow
58807.mp4,tomorrow
58806.mp4,tomorrow
66655.mp4,tomorrow
58909.mp4,tooth
58908.mp4,tooth
58913.mp4,tooth
58910.mp4,tooth
58944.mp4,top
58935.mp4,top
58936.mp4,top
58937.mp4,top
58947.mp4,topic
58949.mp4,topic
58948.mp4,topic
58946.mp4,topic
59032.mp4,total
59033.mp4,total
59034.mp4,total
59039.mp4,total
59058.mp4,touch
59055.mp4,touch
59051.mp4,touch
59052.mp4,touch
59082.mp4,tough
59080.mp4,tough
59072.mp4,tough
59071.mp4,tough
59108.mp4,tournament
59106.mp4,tournament
59107.mp4,tournament
59104.mp4,tournament
59151.mp4,town
59150.mp4,town
59153.mp4,town
59155.mp4,town
59204.mp4,trade
59209.mp4,trade
59208.mp4,trade
59205.mp4,trade
59320.mp4,train
59308.mp4,train
59309.mp4,train
59307.mp4,train
66667.mp4,transfer
59369.mp4,transfer
59367.mp4,transfer
59378.mp4,transfer
66669.mp4,translate
59411.mp4,translate
66670.mp4,translate
59407.mp4,translate
